SetId,LogDim
0,4.007333185232471
1,3.4657359027997265
2,3.912023005428146
3,2.772588722239781
4,4.060443010546419
5,2.833213344056216
6,3.58351893845611
7,2.3978952727983707
8,2.70805020110221
9,3.7376696182833684
